한글과명,한글보통명,조사연도,개체수
잉어과,큰납지리,2016,1
가물치과,가물치,2020,1
망둑어과,밀어,2015,3
망둑어과,문절망둑,2009,1
잉어과,큰납지리,2020,1
잉어과,큰납지리,2020,1
잉어과,큰납지리,2020,1
잉어과,붕어,2014,7
잉어과,붕어,2015,1
잉어과,붕어,2017,1
잉어과,붕어,2019,1
잉어과,붕어,2007,1
잉어과,붕어,2014,5
잉어과,붕어,2014,1
잉어과,붕어,2010,15
잉어과,붕어,2020,5
잉어과,붕어,2015,1
잉어과,붕어,2019,1
잉어과,붕어,2020,3
잉어과,붕어,2009,3
잉어과,붕어,2015,1
잉어과,붕어,2014,3
잉어과,붕어,2014,4
잉어과,붕어,2017,1
잉어과,붕어,2019,4
잉어과,붕어,2016,1
잉어과,붕어,2016,1
잉어과,붕어,2014,1
잉어과,붕어,2015,1
잉어과,붕어,2016,6
잉어과,붕어,2014,2
잉어과,붕어,2012,2
잉어과,붕어,2017,1
잉어과,붕어,2017,1
잉어과,붕어,2017,1
잉어과,붕어,2018,60
잉어과,붕어,2018,20
잉어과,붕어,2019,1
잉어과,붕어,2005,2
잉어과,붕어,2018,1
잉어과,붕어,2019,5
잉어과,붕어,2008,1
잉어과,붕어,2017,1
잉어과,붕어,2016,1
잉어과,붕어,2016,4
잉어과,붕어,2017,2
잉어과,붕어,2018,1
잉어과,붕어,2017,1
잉어과,붕어,2014,5
잉어과,붕어,2014,12
잉어과,붕어,2018,10
잉어과,붕어,2017,1
잉어과,붕어,2015,3
잉어과,붕어,2016,5
잉어과,붕어,2018,1
잉어과,붕어,2016,1
잉어과,붕어,2007,1
잉어과,붕어,2017,1
잉어과,붕어,2014,1
잉어과,붕어,2016,30
잉어과,붕어,2019,60
잉어과,붕어,2019,1
잉어과,붕어,2010,1
잉어과,붕어,2015,11
잉어과,붕어,2017,1
잉어과,붕어,2016,2
잉어과,붕어,2020,1
잉어과,붕어,2010,108
잉어과,붕어,2017,1
잉어과,붕어,2015,1
잉어과,붕어,2016,10
잉어과,붕어,2015,13
잉어과,붕어,2016,4
잉어과,붕어,2015,1
잉어과,붕어,2018,1
잉어과,붕어,2018,1
잉어과,붕어,2015,3
잉어과,붕어,2014,4
잉어과,붕어,2018,1
잉어과,붕어,2014,1
잉어과,붕어,2018,1
잉어과,붕어,2016,9
잉어과,붕어,2017,1
잉어과,붕어,2007,1
잉어과,붕어,2020,30
잉어과,붕어,2015,5
잉어과,붕어,2007,1
잉어과,붕어,2019,2
잉어과,붕어,2015,1
잉어과,붕어,2017,1
잉어과,붕어,2017,1
잉어과,붕어,2018,1
잉어과,붕어,2017,5
잉어과,붕어,2018,1
잉어과,붕어,2018,1
잉어과,붕어,2016,10
잉어과,붕어,2017,1
잉어과,붕어,2018,1
잉어과,붕어,2017,1
잉어과,붕어,2014,1
잉어과,붕어,2015,1
잉어과,붕어,2014,60
잉어과,붕어,2018,1
잉어과,붕어,2014,1
잉어과,붕어,2016,1
잉어과,붕어,2015,1
잉어과,붕어,2016,1
잉어과,붕어,2017,1
잉어과,붕어,2015,6
잉어과,붕어,2019,1
잉어과,붕어,2014,2
잉어과,붕어,2016,1
잉어과,붕어,2015,2
잉어과,붕어,2018,1
잉어과,붕어,2015,4
잉어과,붕어,2014,1
잉어과,붕어,2015,2
잉어과,붕어,2015,6
잉어과,붕어,2015,4
잉어과,붕어,2006,1
잉어과,붕어,2014,4
잉어과,붕어,2018,1
잉어과,붕어,2017,1
잉어과,붕어,2015,5
잉어과,붕어,2007,1
잉어과,붕어,2016,1
잉어과,붕어,2016,10
잉어과,붕어,2010,14
잉어과,붕어,2014,1
잉어과,붕어,2019,2
잉어과,붕어,2014,1
잉어과,붕어,2007,1
잉어과,붕어,2015,10
잉어과,붕어,2015,1
잉어과,붕어,2010,2
잉어과,붕어,2007,1
잉어과,붕어,2006,1
잉어과,붕어,2019,7
잉어과,붕어,2018,1
잉어과,붕어,2014,1
잉어과,붕어,2017,1
잉어과,붕어,2017,1
잉어과,붕어,2018,3
잉어과,붕어,2020,1
잉어과,붕어,2014,1
잉어과,붕어,2006,1
잉어과,붕어,2006,1
잉어과,붕어,2016,5
잉어과,붕어,2017,4
잉어과,붕어,2009,15
잉어과,붕어,2005,1
잉어과,붕어,2014,1
잉어과,붕어,2015,2
잉어과,붕어,2015,90
잉어과,붕어,2014,3
잉어과,붕어,2014,2
잉어과,붕어,2017,1
잉어과,붕어,2017,1
잉어과,붕어,2015,17
잉어과,붕어,2014,2
잉어과,붕어,2016,12
잉어과,붕어,2010,5
잉어과,붕어,2017,1
잉어과,붕어,2017,1
잉어과,붕어,2015,1
잉어과,붕어,2018,1
잉어과,붕어,2016,4
잉어과,붕어,2018,5
잉어과,붕어,2010,10
잉어과,붕어,2014,1
잉어과,붕어,2015,1
잉어과,붕어,2015,1
잉어과,붕어,2014,1
잉어과,붕어,2005,2
잉어과,붕어,2015,2
잉어과,붕어,2017,1
잉어과,붕어,2016,1
잉어과,붕어,2016,2
잉어과,붕어,2014,22
잉어과,붕어,2019,1
잉어과,붕어,2017,2
잉어과,붕어,2015,1
잉어과,붕어,2010,4
잉어과,붕어,2016,25
잉어과,붕어,2014,1
잉어과,붕어,2018,50
잉어과,붕어,2018,1
잉어과,붕어,2016,2
잉어과,붕어,2020,1
잉어과,붕어,2015,1
잉어과,붕어,2020,1
잉어과,붕어,2010,5
잉어과,붕어,2019,3
잉어과,붕어,2020,2
잉어과,붕어,2014,1
잉어과,붕어,2017,1
잉어과,붕어,2014,1
잉어과,붕어,2016,1
잉어과,붕어,2016,3
잉어과,붕어,2009,9
잉어과,붕어,2007,1
잉어과,붕어,2007,1
잉어과,붕어,2016,1
잉어과,붕어,2020,3
잉어과,붕어,2015,4
잉어과,붕어,2015,1
잉어과,붕어,2005,1
잉어과,붕어,2014,6
잉어과,붕어,2008,1
잉어과,붕어,2020,4
잉어과,붕어,2017,1
잉어과,붕어,2020,1
잉어과,붕어,2014,9
잉어과,붕어,2007,1
잉어과,붕어,2008,1
잉어과,붕어,2015,1
잉어과,붕어,2016,1
잉어과,붕어,2016,6
잉어과,붕어,2011,5
잉어과,붕어,2015,3
잉어과,붕어,2019,1
잉어과,붕어,2016,1
잉어과,붕어,2016,1
잉어과,붕어,2016,3
잉어과,붕어,2017,1
잉어과,붕어,2018,13
잉어과,붕어,2015,1
잉어과,붕어,2014,2
잉어과,붕어,2015,1
잉어과,붕어,2016,1
잉어과,붕어,2020,2
잉어과,붕어,2016,20
잉어과,붕어,2017,1
잉어과,붕어,2018,1
잉어과,붕어,2019,2
잉어과,붕어,2019,1
잉어과,붕어,2009,2
잉어과,붕어,2019,35
잉어과,붕어,2014,1
잉어과,붕어,2017,1
잉어과,붕어,2014,1
잉어과,붕어,2019,10
잉어과,붕어,2017,1
잉어과,붕어,2017,1
잉어과,붕어,2013,4
잉어과,붕어,2015,11
잉어과,붕어,2015,3
잉어과,붕어,2019,3
잉어과,붕어,2011,1
잉어과,붕어,2011,1
잉어과,붕어,2016,4
잉어과,붕어,2017,1
잉어과,붕어,2016,23
잉어과,붕어,2006,1
잉어과,붕어,2017,1
잉어과,붕어,2015,4
잉어과,붕어,2014,1
잉어과,붕어,2008,1
잉어과,붕어,2016,1
잉어과,붕어,2014,1
잉어과,붕어,2020,3
잉어과,붕어,2014,5
잉어과,붕어,2016,3
잉어과,붕어,2015,5
잉어과,붕어,2018,3
잉어과,붕어,2014,3
잉어과,붕어,2014,1
잉어과,붕어,2010,1
잉어과,붕어,2020,1
잉어과,붕어,2020,2
잉어과,붕어,2017,2
잉어과,붕어,2020,1
잉어과,붕어,2015,1
잉어과,붕어,2019,3
잉어과,붕어,2016,1
잉어과,붕어,2014,10
잉어과,붕어,2016,16
잉어과,붕어,2017,1
잉어과,붕어,2019,40
잉어과,붕어,2016,1
잉어과,붕어,2015,1
잉어과,붕어,2015,2
잉어과,붕어,2017,1
잉어과,붕어,2016,1
잉어과,붕어,2017,1
잉어과,붕어,2015,5
잉어과,붕어,2014,4
잉어과,붕어,2015,9
잉어과,붕어,2019,3
잉어과,붕어,2020,20
잉어과,붕어,2014,1
잉어과,붕어,2016,1
잉어과,붕어,2015,59
잉어과,붕어,2018,9
잉어과,붕어,2016,3
잉어과,붕어,2015,4
잉어과,붕어,2020,3
잉어과,붕어,2016,1
잉어과,붕어,2016,2
잉어과,붕어,2018,1
잉어과,붕어,2013,2
잉어과,붕어,2015,4
잉어과,붕어,2017,1
잉어과,붕어,2016,2
잉어과,붕어,2018,1
잉어과,붕어,2015,9
잉어과,붕어,2018,1
잉어과,붕어,2020,10
잉어과,붕어,2010,8
잉어과,붕어,2015,1
잉어과,붕어,2016,2
잉어과,붕어,2012,1
잉어과,붕어,2015,30
잉어과,붕어,2015,1
잉어과,붕어,2010,10
잉어과,붕어,2017,1
잉어과,붕어,2016,7
잉어과,붕어,2017,1
잉어과,붕어,2017,3
잉어과,붕어,2013,2
잉어과,붕어,2017,1
잉어과,붕어,2014,15
잉어과,붕어,2005,1
잉어과,붕어,2016,1
잉어과,붕어,2016,1
잉어과,붕어,2006,1
잉어과,붕어,2014,3
잉어과,붕어,2018,1
잉어과,붕어,2020,5
잉어과,붕어,2018,1
잉어과,붕어,2018,10
잉어과,붕어,2015,2
잉어과,붕어,2020,5
잉어과,붕어,2016,25
잉어과,붕어,2017,2
잉어과,붕어,2018,12
잉어과,붕어,2014,1
잉어과,붕어,2016,1
잉어과,붕어,2005,1
잉어과,붕어,2015,10
잉어과,붕어,2007,1
잉어과,붕어,2016,3
잉어과,붕어,2020,5
잉어과,붕어,2020,5
잉어과,붕어,2019,1
잉어과,붕어,2011,1
잉어과,붕어,2005,1
잉어과,붕어,2014,1
잉어과,붕어,2018,1
잉어과,붕어,2016,1
잉어과,붕어,2016,3
잉어과,붕어,2015,1
잉어과,붕어,2020,10
잉어과,붕어,2019,10
잉어과,붕어,2018,1
잉어과,붕어,2014,1
잉어과,붕어,2020,1
잉어과,붕어,2015,5
잉어과,붕어,2015,1
잉어과,붕어,2017,1
잉어과,붕어,2015,50
잉어과,붕어,2014,1
잉어과,붕어,2014,1
잉어과,붕어,2017,1
잉어과,붕어,2010,2
잉어과,붕어,2014,2
잉어과,떡붕어,2016,1
잉어과,떡붕어,2008,1
잉어과,떡붕어,2010,1
잉어과,떡붕어,2014,1
잉어과,떡붕어,2016,1
잉어과,떡붕어,2008,1
잉어과,떡붕어,2010,1
잉어과,떡붕어,2010,1
잉어과,떡붕어,2018,3
잉어과,떡붕어,2017,1
잉어과,떡붕어,2012,1
잉어과,떡붕어,2016,4
잉어과,떡붕어,2012,2
잉어과,떡붕어,2010,1
잉어과,떡붕어,2014,1
잉어과,떡붕어,2017,1
잉어과,떡붕어,2020,1
잉어과,떡붕어,2006,1
잉어과,떡붕어,2011,1
잉어과,떡붕어,2017,1
잉어과,떡붕어,2018,1
잉어과,떡붕어,2013,3
잉어과,떡붕어,2016,1
잉어과,떡붕어,2018,1
잉어과,떡붕어,2007,1
잉어과,떡붕어,2006,1
잉어과,떡붕어,2012,10
잉어과,떡붕어,2019,2
잉어과,떡붕어,2020,3
잉어과,떡붕어,2014,2
잉어과,떡붕어,2016,1
잉어과,떡붕어,2018,5
잉어과,떡붕어,2010,1
잉어과,떡붕어,2015,2
잉어과,떡붕어,2016,3
잉어과,떡붕어,2020,1
잉어과,떡붕어,2016,1
잉어과,떡붕어,2016,1
잉어과,떡붕어,2011,1
잉어과,떡붕어,2020,4
잉어과,떡붕어,2015,7
잉어과,떡붕어,2010,1
잉어과,떡붕어,2016,1
잉어과,떡붕어,2016,8
잉어과,떡붕어,2018,6
잉어과,떡붕어,2013,2
잉어과,떡붕어,2014,1
가물치과,가물치,2015,1
가물치과,가물치,2006,1
가물치과,가물치,2015,1
가물치과,가물치,2019,1
가물치과,가물치,2017,1
가물치과,가물치,2020,1
가물치과,가물치,2017,1
가물치과,가물치,2015,1
가물치과,가물치,2011,1
가물치과,가물치,2018,1
잉어과,잉어,2019,1
잉어과,잉어,2016,4
잉어과,잉어,2015,1
잉어과,잉어,2010,16
잉어과,잉어,2011,1
잉어과,잉어,2016,1
잉어과,잉어,2018,1
잉어과,잉어,2010,1
잉어과,잉어,2017,1
잉어과,잉어,2015,1
잉어과,잉어,2018,3
잉어과,잉어,2015,2
잉어과,잉어,2016,3
잉어과,잉어,2016,2
잉어과,잉어,2007,1
잉어과,잉어,2015,1
잉어과,잉어,2018,1
잉어과,잉어,2010,1
잉어과,잉어,2019,6
잉어과,잉어,2016,1
잉어과,잉어,2016,2
잉어과,잉어,2014,1
잉어과,잉어,2019,2
잉어과,잉어,2015,2
잉어과,잉어,2015,1
잉어과,잉어,2016,2
잉어과,잉어,2014,1
잉어과,잉어,2011,1
잉어과,잉어,2008,1
잉어과,잉어,2018,3
잉어과,잉어,2017,1
잉어과,잉어,2015,1
잉어과,잉어,2020,1
잉어과,잉어,2014,1
잉어과,잉어,2006,1
잉어과,잉어,2020,1
잉어과,잉어,2014,3
잉어과,잉어,2007,1
잉어과,잉어,2016,1
잉어과,잉어,2017,1
잉어과,잉어,2016,1
잉어과,잉어,2016,1
잉어과,잉어,2016,5
잉어과,잉어,2018,3
잉어과,잉어,2007,1
잉어과,잉어,2020,2
잉어과,잉어,2019,1
잉어과,잉어,2017,1
잉어과,잉어,2010,1
잉어과,잉어,2017,1
잉어과,잉어,2016,2
잉어과,잉어,2017,1
잉어과,잉어,2020,3
잉어과,잉어,2015,4
잉어과,잉어,2016,4
잉어과,잉어,2017,1
잉어과,잉어,2018,1
잉어과,잉어,2020,1
잉어과,잉어,2017,1
잉어과,잉어,2015,16
잉어과,잉어,2013,1
잉어과,잉어,2020,2
잉어과,잉어,2019,1
잉어과,잉어,2016,1
잉어과,잉어,2006,1
잉어과,잉어,2016,7
잉어과,잉어,2010,1
잉어과,잉어,2015,1
잉어과,잉어,2015,1
잉어과,잉어,2018,1
잉어과,잉어,2005,1
잉어과,잉어,2015,5
잉어과,잉어,2005,1
잉어과,잉어,2005,1
잉어과,잉어,2007,1
잉어과,잉어,2014,2
잉어과,잉어,2014,1
잉어과,잉어,2015,1
잉어과,잉어,2015,1
잉어과,잉어,2017,1
잉어과,잉어,2018,1
잉어과,잉어,2017,6
잉어과,잉어,2020,1
잉어과,잉어,2017,1
잉어과,잉어,2017,5
잉어과,잉어,2015,3
잉어과,잉어,2006,1
잉어과,잉어,2017,1
잉어과,잉어,2019,1
잉어과,잉어,2006,1
잉어과,잉어,2015,1
잉어과,잉어,2015,2
잉어과,잉어,2008,1
잉어과,잉어,2016,2
잉어과,잉어,2009,1
잉어과,잉어,2017,1
잉어과,잉어,2017,1
잉어과,잉어,2017,2
잉어과,잉어,2016,1
잉어과,잉어,2007,1
잉어과,잉어,2014,2
잉어과,잉어,2018,2
잉어과,잉어,2015,1
잉어과,잉어,2016,1
잉어과,잉어,2016,1
잉어과,잉어,2015,1
잉어과,잉어,2018,10
잉어과,잉어,2014,10
잉어과,잉어,2014,2
잉어과,잉어,2020,1
잉어과,잉어,2016,1
잉어과,잉어,2015,1
잉어과,잉어,2015,1
잉어과,잉어,2014,1
잉어과,잉어,2016,1
잉어과,잉어,2015,1
잉어과,잉어,2014,1
잉어과,잉어,2014,1
잉어과,잉어,2014,1
잉어과,잉어,2020,3
잉어과,잉어,2016,1
잉어과,잉어,2018,20
잉어과,잉어,2015,3
잉어과,잉어,2020,2
잉어과,잉어,2019,1
잉어과,잉어,2020,1
잉어과,잉어,2011,1
잉어과,잉어,2015,1
잉어과,잉어,2017,1
잉어과,잉어,2010,8
잉어과,잉어,2017,1
잉어과,잉어,2018,1
잉어과,잉어,2020,1
잉어과,잉어,2015,1
잉어과,잉어,2015,3
잉어과,잉어,2020,6
잉어과,잉어,2020,2
잉어과,잉어,2014,1
잉어과,잉어,2016,1
잉어과,잉어,2015,1
잉어과,잉어,2014,1
잉어과,잉어,2019,1
잉어과,잉어,2016,5
잉어과,잉어,2014,1
잉어과,잉어,2019,10
잉어과,잉어,2015,2
잉어과,잉어,2019,1
잉어과,잉어,2020,1
잉어과,잉어,2016,1
잉어과,잉어,2013,2
잉어과,잉어,2017,2
잉어과,잉어,2017,1
잉어과,잉어,2018,3
잉어과,잉어,2014,2
잉어과,잉어,2007,1
잉어과,잉어,2020,1
잉어과,잉어,2019,1
잉어과,잉어,2014,2
잉어과,잉어,2015,1
잉어과,잉어,2017,1
잉어과,잉어,2015,2
잉어과,잉어,2014,15
잉어과,잉어,2017,1
잉어과,잉어,2015,1
잉어과,잉어,2014,1
잉어과,잉어,2018,1
잉어과,잉어,2006,1
잉어과,잉어,2018,1
잉어과,잉어,2017,1
잉어과,잉어,2017,1
잉어과,잉어,2005,1
잉어과,잉어,2015,1
잉어과,잉어,2018,3
잉어과,잉어,2016,2
잉어과,잉어,2014,1
잉어과,잉어,2015,1
잉어과,잉어,2014,4
잉어과,잉어,2016,1
잉어과,잉어,2018,1
잉어과,잉어,2015,1
잉어과,잉어,2015,1
잉어과,잉어,2017,8
잉어과,잉어,2015,1
잉어과,잉어,2018,2
잉어과,잉어,2015,3
잉어과,잉어,2014,1
잉어과,잉어,2020,4
잉어과,잉어,2017,1
잉어과,잉어,2020,1
잉어과,잉어,2015,9
잉어과,잉어,2015,3
잉어과,잉어,2014,1
잉어과,잉어,2020,1
잉어과,잉어,2020,1
잉어과,잉어,2005,1
잉어과,잉어,2020,3
잉어과,잉어,2018,1
잉어과,잉어,2016,1
잉어과,잉어,2020,3
잉어과,잉어,2019,3
잉어과,잉어,2020,1
잉어과,잉어,2018,1
잉어과,잉어,2020,1
잉어과,잉어,2015,2
잉어과,잉어,2014,1
잉어과,잉어,2019,1
잉어과,잉어,2015,1
잉어과,잉어,2007,1
잉어과,잉어,2015,2
잉어과,잉어,2010,2
잉어과,잉어,2014,1
잉어과,잉어,2020,6
잉어과,잉어,2015,2
잉어과,잉어,2019,5
잉어과,잉어,2005,1
잉어과,줄몰개,2020,4
잉어과,줄몰개,2019,1
잉어과,줄몰개,2020,5
잉어과,줄몰개,2018,2
잉어과,줄몰개,2018,1
망둑어과,꾹저구,2019,1
망둑어과,꾹저구,2017,1
망둑어과,꾹저구,2019,1
망둑어과,꾹저구,2020,1
망둑어과,꾹저구,2018,1
망둑어과,꾹저구,2020,1
망둑어과,꾹저구,2019,1
망둑어과,꾹저구,2020,1
망둑어과,꾹저구,2020,2
망둑어과,꾹저구,2020,1
망둑어과,꾹저구,2020,1
망둑어과,꾹저구,2019,1
잉어과,치리,2008,1
잉어과,치리,2010,2
잉어과,치리,2015,5
잉어과,치리,2015,3
잉어과,치리,2014,1
잉어과,치리,2010,4
잉어과,치리,2010,1
잉어과,치리,2015,2
잉어과,치리,2011,1
잉어과,치리,2007,1
잉어과,치리,2011,1
잉어과,치리,2014,4
잉어과,치리,2015,1
잉어과,치리,2010,1
잉어과,치리,2014,1
잉어과,치리,2010,1
잉어과,치리,2014,1
잉어과,치리,2010,1
잉어과,치리,2015,5
잉어과,살치,2018,1
잉어과,살치,2016,6
잉어과,살치,2018,1
잉어과,살치,2016,1
잉어과,살치,2018,10
잉어과,살치,2016,1
잉어과,살치,2018,17
잉어과,살치,2018,3
잉어과,살치,2018,1
잉어과,살치,2016,1
잉어과,살치,2017,1
잉어과,살치,2019,7
잉어과,살치,2018,1
잉어과,살치,2016,4
잉어과,살치,2017,1
잉어과,살치,2018,1
잉어과,살치,2016,13
잉어과,살치,2019,1
잉어과,살치,2019,1
잉어과,살치,2017,1
잉어과,살치,2018,1
잉어과,살치,2017,1
잉어과,살치,2018,1
잉어과,살치,2018,40
잉어과,살치,2017,1
잉어과,살치,2019,9
잉어과,살치,2016,1
잉어과,살치,2018,18
잉어과,살치,2016,13
잉어과,살치,2017,1
잉어과,살치,2018,1
잉어과,살치,2016,1
종개과,쌀미꾸리,2007,1
검정우럭과,블루길,2020,3
검정우럭과,블루길,2017,1
검정우럭과,블루길,2018,2
검정우럭과,블루길,2018,1
검정우럭과,블루길,2018,1
검정우럭과,블루길,2020,2
검정우럭과,블루길,2017,1
검정우럭과,블루길,2018,2
검정우럭과,블루길,2018,1
검정우럭과,블루길,2018,1
검정우럭과,블루길,2020,5
검정우럭과,블루길,2020,1
검정우럭과,블루길,2014,1
검정우럭과,블루길,2017,7
검정우럭과,블루길,2016,15
검정우럭과,블루길,2017,3
검정우럭과,블루길,2013,1
검정우럭과,블루길,2020,1
검정우럭과,블루길,2020,6
검정우럭과,블루길,2017,1
검정우럭과,블루길,2017,2
검정우럭과,블루길,2020,2
검정우럭과,블루길,2020,2
검정우럭과,블루길,2019,1
검정우럭과,블루길,2019,1
검정우럭과,블루길,2015,1
검정우럭과,블루길,2018,1
검정우럭과,블루길,2016,1
검정우럭과,블루길,2016,12
검정우럭과,블루길,2016,1
검정우럭과,블루길,2014,1
검정우럭과,블루길,2014,1
검정우럭과,블루길,2011,1
검정우럭과,블루길,2016,1
검정우럭과,블루길,2017,1
검정우럭과,블루길,2013,2
검정우럭과,블루길,2019,1
검정우럭과,블루길,2018,2
검정우럭과,블루길,2019,1
검정우럭과,블루길,2020,1
검정우럭과,블루길,2020,1
검정우럭과,배스,2016,2
검정우럭과,배스,2017,1
검정우럭과,배스,2017,1
검정우럭과,배스,2017,1
검정우럭과,배스,2015,1
검정우럭과,배스,2008,1
검정우럭과,배스,2020,1
검정우럭과,배스,2015,1
검정우럭과,배스,2016,1
검정우럭과,배스,2020,1
검정우럭과,배스,2020,3
검정우럭과,배스,2015,1
검정우럭과,배스,2016,1
검정우럭과,배스,2014,1
검정우럭과,배스,2016,1
검정우럭과,배스,2016,1
검정우럭과,배스,2020,1
검정우럭과,배스,2015,1
검정우럭과,배스,2020,1
검정우럭과,배스,2016,5
검정우럭과,배스,2016,1
검정우럭과,배스,2007,1
검정우럭과,배스,2019,2
검정우럭과,배스,2016,1
검정우럭과,배스,2020,2
검정우럭과,배스,2017,1
검정우럭과,배스,2018,4
검정우럭과,배스,2020,2
검정우럭과,배스,2018,8
검정우럭과,배스,2008,1
검정우럭과,배스,2018,2
검정우럭과,배스,2017,1
검정우럭과,배스,2016,1
검정우럭과,배스,2018,1
검정우럭과,배스,2014,3
검정우럭과,배스,2017,1
검정우럭과,배스,2014,4
검정우럭과,배스,2020,1
검정우럭과,배스,2020,10
검정우럭과,배스,2014,2
검정우럭과,배스,2019,2
검정우럭과,배스,2018,1
검정우럭과,배스,2010,28
검정우럭과,배스,2018,1
검정우럭과,배스,2010,1
검정우럭과,배스,2016,1
검정우럭과,배스,2015,1
검정우럭과,배스,2007,1
검정우럭과,배스,2010,5
검정우럭과,배스,2016,1
검정우럭과,배스,2019,3
검정우럭과,배스,2018,1
검정우럭과,배스,2017,1
검정우럭과,배스,2008,1
검정우럭과,배스,2009,2
검정우럭과,배스,2020,1
검정우럭과,배스,2018,9
검정우럭과,배스,2017,2
검정우럭과,배스,2018,1
검정우럭과,배스,2020,1
검정우럭과,배스,2020,1
검정우럭과,배스,2020,1
검정우럭과,배스,2011,1
검정우럭과,배스,2010,1
검정우럭과,배스,2015,1
검정우럭과,배스,2015,1
검정우럭과,배스,2015,1
검정우럭과,배스,2016,1
검정우럭과,배스,2018,4
검정우럭과,배스,2019,3
검정우럭과,배스,2006,1
검정우럭과,배스,2015,1
검정우럭과,배스,2010,3
검정우럭과,배스,2018,1
검정우럭과,배스,2020,8
검정우럭과,배스,2017,1
검정우럭과,배스,2015,3
검정우럭과,배스,2016,1
검정우럭과,배스,2016,1
검정우럭과,배스,2016,2
검정우럭과,배스,2016,1
검정우럭과,배스,2017,1
검정우럭과,배스,2016,1
검정우럭과,배스,2010,1
검정우럭과,배스,2016,1
검정우럭과,배스,2017,5
검정우럭과,배스,2015,2
검정우럭과,배스,2010,6
검정우럭과,배스,2019,2
검정우럭과,배스,2020,5
검정우럭과,배스,2015,5
검정우럭과,배스,2018,1
검정우럭과,배스,2018,1
검정우럭과,배스,2017,1
검정우럭과,배스,2020,1
검정우럭과,배스,2020,1
검정우럭과,배스,2007,1
검정우럭과,배스,2014,5
검정우럭과,배스,2014,1
검정우럭과,배스,2015,1
검정우럭과,배스,2017,1
검정우럭과,배스,2018,1
검정우럭과,배스,2016,1
검정우럭과,배스,2015,15
검정우럭과,배스,2014,1
검정우럭과,배스,2017,1
검정우럭과,배스,2018,1
검정우럭과,배스,2016,2
검정우럭과,배스,2019,3
검정우럭과,배스,2016,1
검정우럭과,배스,2019,1
검정우럭과,배스,2010,1
검정우럭과,배스,2016,1
검정우럭과,배스,2007,1
검정우럭과,배스,2014,1
검정우럭과,배스,2019,5
검정우럭과,배스,2016,1
검정우럭과,배스,2017,1
검정우럭과,배스,2016,1
검정우럭과,배스,2016,1
검정우럭과,배스,2018,1
검정우럭과,배스,2020,3
검정우럭과,배스,2017,2
검정우럭과,배스,2016,1
검정우럭과,배스,2016,4
검정우럭과,배스,2015,1
검정우럭과,배스,2020,10
검정우럭과,배스,2020,1
검정우럭과,배스,2018,1
검정우럭과,배스,2020,6
검정우럭과,배스,2020,1
검정우럭과,배스,2018,1
검정우럭과,배스,2016,3
검정우럭과,배스,2016,2
검정우럭과,배스,2020,2
검정우럭과,배스,2011,1
검정우럭과,배스,2016,2
검정우럭과,배스,2017,1
검정우럭과,배스,2010,1
검정우럭과,배스,2010,110
검정우럭과,배스,2016,1
검정우럭과,배스,2017,1
검정우럭과,배스,2018,3
검정우럭과,배스,2020,1
검정우럭과,배스,2010,5
미꾸리과,미꾸리,2020,1
미꾸리과,미꾸리,2013,1
미꾸리과,미꾸리,2015,1
미꾸리과,미꾸리,2016,1
미꾸리과,미꾸리,2020,1
미꾸리과,미꾸리,2017,1
미꾸리과,미꾸리,2010,1
미꾸리과,미꾸리,2020,1
미꾸리과,미꾸리,2007,1
미꾸리과,미꾸리,2016,1
미꾸리과,미꾸리,2010,1
미꾸리과,미꾸리,2016,1
미꾸리과,미꾸리,2016,1
미꾸리과,미꾸리,2019,1
미꾸리과,미꾸리,2018,1
미꾸리과,미꾸리,2016,1
미꾸리과,미꾸리,2017,1
미꾸리과,미꾸리,2016,1
미꾸리과,미꾸리,2010,1
미꾸리과,미꾸리,2014,1
미꾸리과,미꾸리,2020,1
미꾸리과,미꾸리,2020,1
미꾸리과,미꾸리,2017,1
미꾸리과,미꾸리,2017,1
미꾸리과,미꾸리,2018,2
미꾸리과,미꾸리,2014,1
미꾸리과,미꾸리,2005,1
미꾸리과,미꾸리,2010,3
미꾸리과,미꾸리,2014,1
미꾸리과,미꾸리,2005,1
미꾸리과,미꾸리,2010,2
미꾸리과,미꾸리,2015,1
미꾸리과,미꾸리,2017,1
미꾸리과,미꾸리,2006,1
미꾸리과,미꾸리,2017,1
미꾸리과,미꾸리,2019,1
미꾸리과,미꾸라지,2019,1
미꾸리과,미꾸라지,2014,1
미꾸리과,미꾸라지,2015,1
미꾸리과,미꾸라지,2014,1
미꾸리과,미꾸라지,2016,1
미꾸리과,미꾸라지,2020,1
미꾸리과,미꾸라지,2005,1
미꾸리과,미꾸라지,2015,1
미꾸리과,미꾸라지,2018,1
미꾸리과,미꾸라지,2018,1
미꾸리과,미꾸라지,2014,1
미꾸리과,미꾸라지,2017,1
미꾸리과,미꾸라지,2018,1
미꾸리과,미꾸라지,2018,1
미꾸리과,미꾸라지,2014,1
드렁허리과,드렁허리,2020,1
드렁허리과,드렁허리,2014,1
드렁허리과,드렁허리,2017,1
드렁허리과,드렁허리,2009,1
드렁허리과,드렁허리,2008,1
동사리과,얼록동사리,2020,1
동사리과,얼록동사리,2016,1
동사리과,얼록동사리,2017,1
동사리과,얼록동사리,2018,1
동사리과,얼록동사리,2015,1
동사리과,얼록동사리,2020,2
동사리과,얼록동사리,2016,1
동사리과,얼록동사리,2016,2
동사리과,얼록동사리,2019,4
동사리과,얼록동사리,2019,2
동사리과,얼록동사리,2011,1
동사리과,얼록동사리,2018,5
동사리과,얼록동사리,2015,1
동사리과,얼록동사리,2015,1
동사리과,얼록동사리,2019,1
동사리과,얼록동사리,2016,1
동사리과,얼록동사리,2020,2
동사리과,얼록동사리,2014,1
동사리과,얼록동사리,2016,1
동사리과,얼록동사리,2014,1
동사리과,얼록동사리,2018,1
동사리과,얼록동사리,2017,2
동사리과,얼록동사리,2018,1
동사리과,얼록동사리,2014,1
동사리과,얼록동사리,2010,1
동사리과,얼록동사리,2016,1
동사리과,얼록동사리,2007,1
동사리과,얼록동사리,2014,1
동사리과,얼록동사리,2006,1
동사리과,얼록동사리,2020,1
동사리과,얼록동사리,2018,1
동사리과,얼록동사리,2014,1
동사리과,얼록동사리,2019,3
동사리과,얼록동사리,2015,2
동사리과,얼록동사리,2020,1
동사리과,얼록동사리,2010,3
동사리과,얼록동사리,2020,1
동사리과,얼록동사리,2015,1
동사리과,얼록동사리,2006,1
동사리과,얼록동사리,2019,1
동사리과,얼록동사리,2018,1
동사리과,얼록동사리,2016,1
동사리과,얼록동사리,2020,1
동사리과,얼록동사리,2018,1
동사리과,얼록동사리,2019,1
동사리과,얼록동사리,2019,1
동사리과,얼록동사리,2018,1
동사리과,얼록동사리,2014,1
동사리과,얼록동사리,2006,1
동사리과,얼록동사리,2020,1
동사리과,얼록동사리,2015,1
동사리과,얼록동사리,2020,1
동사리과,얼록동사리,2016,2
동사리과,얼록동사리,2018,1
동사리과,얼록동사리,2015,1
동사리과,얼록동사리,2020,1
동사리과,얼록동사리,2014,1
동사리과,얼록동사리,2017,1
동사리과,얼록동사리,2015,1
동사리과,얼록동사리,2019,1
동사리과,얼록동사리,2006,1
동사리과,얼록동사리,2016,1
동사리과,얼록동사리,2018,1
동사리과,얼록동사리,2018,7
동사리과,얼록동사리,2009,1
동사리과,얼록동사리,2019,1
동사리과,얼록동사리,2006,1
동사리과,얼록동사리,2018,1
동사리과,얼록동사리,2020,3
동사리과,얼록동사리,2017,4
동사리과,얼록동사리,2017,4
동사리과,얼록동사리,2014,1
동사리과,얼록동사리,2018,1
동사리과,얼록동사리,2019,1
동사리과,얼록동사리,2005,1
동사리과,얼록동사리,2019,1
동사리과,얼록동사리,2018,1
동사리과,얼록동사리,2014,1
동사리과,얼록동사리,2019,1
동사리과,얼록동사리,2020,1
동사리과,얼록동사리,2019,1
동사리과,얼록동사리,2020,1
동사리과,얼록동사리,2019,1
동사리과,얼록동사리,2016,1
동사리과,얼록동사리,2016,1
동사리과,얼록동사리,2020,3
동사리과,얼록동사리,2018,1
동사리과,얼록동사리,2018,2
동사리과,얼록동사리,2015,1
동사리과,얼록동사리,2018,1
동사리과,얼록동사리,2017,1
동사리과,얼록동사리,2020,1
동사리과,얼록동사리,2020,1
동사리과,얼록동사리,2020,5
동사리과,얼록동사리,2020,4
동사리과,얼록동사리,2019,2
동사리과,얼록동사리,2017,3
동사리과,얼록동사리,2016,2
동사리과,얼록동사리,2018,1
동사리과,얼록동사리,2020,1
동사리과,얼록동사리,2010,1
동사리과,얼록동사리,2020,2
동사리과,얼록동사리,2009,2
동사리과,얼록동사리,2019,1
동사리과,얼록동사리,2018,1
동사리과,얼록동사리,2018,1
동사리과,얼록동사리,2017,1
동사리과,얼록동사리,2017,2
동사리과,얼록동사리,2016,1
동사리과,얼록동사리,2009,1
동사리과,얼록동사리,2019,1
동사리과,얼록동사리,2010,2
동사리과,얼록동사리,2018,1
동사리과,얼록동사리,2019,2
동사리과,얼록동사리,2020,1
동사리과,얼록동사리,2017,1
동사리과,얼록동사리,2017,1
동사리과,얼록동사리,2015,1
동사리과,얼록동사리,2020,3
동사리과,얼록동사리,2020,1
동사리과,얼록동사리,2015,1
동사리과,얼록동사리,2019,1
동사리과,얼록동사리,2014,1
동사리과,얼록동사리,2007,1
동사리과,얼록동사리,2016,1
동사리과,얼록동사리,2007,1
동사리과,얼록동사리,2014,1
동사리과,얼록동사리,2018,1
동사리과,얼록동사리,2019,3
동사리과,얼록동사리,2011,1
동사리과,얼록동사리,2017,1
동사리과,얼록동사리,2016,1
동사리과,얼록동사리,2018,1
동사리과,얼록동사리,2020,1
동사리과,얼록동사리,2015,1
동사리과,얼록동사리,2020,2
동사리과,얼록동사리,2017,1
동사리과,얼록동사리,2016,1
동사리과,얼록동사리,2016,2
동사리과,얼록동사리,2017,1
동사리과,얼록동사리,2018,1
동사리과,얼록동사리,2015,1
동사리과,얼록동사리,2018,1
동사리과,얼록동사리,2017,1
동사리과,얼록동사리,2017,1
동사리과,얼록동사리,2015,1
동사리과,얼록동사리,2020,1
동사리과,얼록동사리,2019,4
동사리과,얼록동사리,2017,1
동사리과,얼록동사리,2017,1
동사리과,얼록동사리,2017,1
동사리과,얼록동사리,2020,1
동사리과,얼록동사리,2020,2
동사리과,얼록동사리,2010,2
동사리과,얼록동사리,2015,1
동사리과,얼록동사리,2017,1
동사리과,얼록동사리,2014,1
동사리과,얼록동사리,2010,1
동사리과,얼록동사리,2015,1
동사리과,얼록동사리,2020,1
동사리과,얼록동사리,2016,1
동사리과,얼록동사리,2010,3
동사리과,얼록동사리,2018,1
동사리과,얼록동사리,2014,1
동사리과,얼록동사리,2016,1
동사리과,얼록동사리,2020,1
동사리과,얼록동사리,2017,1
동사리과,얼록동사리,2005,1
동사리과,얼록동사리,2016,1
동사리과,얼록동사리,2018,2
시클리과,나일틸라피아/역돔,2010,110
시클리과,나일틸라피아/역돔,2009,11
시클리과,나일틸라피아/역돔,2011,1
시클리과,나일틸라피아/역돔,2010,135
시클리과,나일틸라피아/역돔,2008,1
시클리과,나일틸라피아/역돔,2011,1
시클리과,나일틸라피아/역돔,2010,520
시클리과,나일틸라피아/역돔,2010,392
시클리과,나일틸라피아/역돔,2011,1
시클리과,나일틸라피아/역돔,2014,1
시클리과,나일틸라피아/역돔,2010,3000
시클리과,나일틸라피아/역돔,2010,1
시클리과,나일틸라피아/역돔,2010,74
시클리과,나일틸라피아/역돔,2010,573
시클리과,나일틸라피아/역돔,2010,76
송사리과,송사리,2005,1
송사리과,송사리,2009,3
송사리과,송사리,2007,1
송사리과,송사리,2006,1
송사리과,송사리,2007,1
송사리과,송사리,2005,1
송사리과,대륙송사리,2018,1
송사리과,대륙송사리,2018,1
송사리과,대륙송사리,2016,1
송사리과,대륙송사리,2011,1
송사리과,대륙송사리,2014,3
송사리과,대륙송사리,2018,1
송사리과,대륙송사리,2017,1
송사리과,대륙송사리,2015,1
송사리과,대륙송사리,2014,1
송사리과,대륙송사리,2017,1
송사리과,대륙송사리,2014,1
송사리과,대륙송사리,2018,1
송사리과,대륙송사리,2018,1
송사리과,대륙송사리,2016,1
송사리과,대륙송사리,2017,1
송사리과,대륙송사리,2014,5
송사리과,대륙송사리,2016,3
송사리과,대륙송사리,2010,1
송사리과,대륙송사리,2016,1
송사리과,대륙송사리,2010,3
송사리과,대륙송사리,2014,1
송사리과,대륙송사리,2016,30
송사리과,대륙송사리,2011,1
송사리과,대륙송사리,2016,1
송사리과,대륙송사리,2018,1
송사리과,대륙송사리,2015,4
송사리과,대륙송사리,2010,3
송사리과,대륙송사리,2014,3
송사리과,대륙송사리,2018,1
송사리과,대륙송사리,2018,1
송사리과,대륙송사리,2014,1
동자개과,동자개,2017,1
동자개과,동자개,2017,1
동자개과,동자개,2017,1
동자개과,동자개,2015,2
동자개과,동자개,2019,1
동자개과,동자개,2005,1
동자개과,동자개,2010,1
동자개과,동자개,2016,1
동자개과,동자개,2010,1
동자개과,동자개,2015,1
동자개과,동자개,2017,1
잉어과,모래무지,2019,5
잉어과,모래무지,2017,1
잉어과,모래무지,2018,2
잉어과,모래무지,2020,2
잉어과,모래무지,2018,1
잉어과,모래무지,2020,14
잉어과,모래무지,2019,1
잉어과,모래무지,2018,1
잉어과,모래무지,2018,5
잉어과,모래무지,2020,1
잉어과,모래무지,2019,21
잉어과,모래무지,2020,1
잉어과,모래무지,2019,12
잉어과,모래무지,2019,8
잉어과,모래무지,2020,1
잉어과,모래무지,2018,36
잉어과,모래무지,2018,2
잉어과,모래무지,2020,3
잉어과,모래무지,2020,1
잉어과,모래무지,2019,2
잉어과,모래무지,2020,1
잉어과,모래무지,2019,1
잉어과,모래무지,2018,5
잉어과,모래무지,2020,2
잉어과,모래무지,2019,1
잉어과,모래무지,2020,5
잉어과,모래무지,2019,5
잉어과,참붕어,2016,1
잉어과,참붕어,2019,25
잉어과,참붕어,2018,2
잉어과,참붕어,2015,13
잉어과,참붕어,2019,4
잉어과,참붕어,2015,1
잉어과,참붕어,2018,3
잉어과,참붕어,2016,1
잉어과,참붕어,2019,3
잉어과,참붕어,2014,1
잉어과,참붕어,2019,10
잉어과,참붕어,2014,1
잉어과,참붕어,2015,1
잉어과,참붕어,2020,1
잉어과,참붕어,2014,3
잉어과,참붕어,2013,2
잉어과,참붕어,2013,50
잉어과,참붕어,2019,8
잉어과,참붕어,2010,2
잉어과,참붕어,2014,22
잉어과,참붕어,2014,1
잉어과,참붕어,2019,1
잉어과,참붕어,2010,12
잉어과,참붕어,2017,2
잉어과,참붕어,2007,1
잉어과,참붕어,2016,2
잉어과,참붕어,2014,13
잉어과,참붕어,2019,1
잉어과,참붕어,2017,1
잉어과,참붕어,2015,1
잉어과,참붕어,2015,3
잉어과,참붕어,2011,1
잉어과,참붕어,2008,1
잉어과,참붕어,2018,7
잉어과,참붕어,2014,1
잉어과,참붕어,2016,3
잉어과,참붕어,2015,2
잉어과,참붕어,2015,10
잉어과,참붕어,2017,1
잉어과,참붕어,2015,1
잉어과,참붕어,2018,2
잉어과,참붕어,2014,1
잉어과,참붕어,2013,11
잉어과,참붕어,2015,3
잉어과,참붕어,2014,1
잉어과,참붕어,2016,1
잉어과,참붕어,2007,1
잉어과,참붕어,2016,10
잉어과,참붕어,2015,1
잉어과,참붕어,2015,2
잉어과,참붕어,2016,8
잉어과,참붕어,2019,2
잉어과,참붕어,2014,1
잉어과,참붕어,2020,1
잉어과,참붕어,2018,3
잉어과,참붕어,2015,3
잉어과,참붕어,2018,2
잉어과,참붕어,2008,1
잉어과,참붕어,2019,30
잉어과,참붕어,2015,1
잉어과,참붕어,2014,1
잉어과,참붕어,2013,20
잉어과,참붕어,2016,10
잉어과,참붕어,2015,1
잉어과,참붕어,2015,6
잉어과,참붕어,2016,2
잉어과,참붕어,2010,2
잉어과,참붕어,2013,3
잉어과,참붕어,2019,8
잉어과,참붕어,2014,1
잉어과,참붕어,2014,3
잉어과,참붕어,2016,1
잉어과,참붕어,2010,3
잉어과,참붕어,2018,1
잉어과,참붕어,2017,1
잉어과,참붕어,2014,1
잉어과,참붕어,2014,1
잉어과,참붕어,2016,1
잉어과,참붕어,2014,4
잉어과,참붕어,2018,2
잉어과,참붕어,2010,1
잉어과,참붕어,2014,7
잉어과,참붕어,2013,40
잉어과,참붕어,2007,1
잉어과,참붕어,2018,1
잉어과,참붕어,2014,2
잉어과,참붕어,2007,1
잉어과,참붕어,2016,1
잉어과,참붕어,2007,1
잉어과,참붕어,2015,1
잉어과,참붕어,2010,1
잉어과,참붕어,2016,1
잉어과,참붕어,2015,20
잉어과,참붕어,2017,1
잉어과,참붕어,2020,2
잉어과,참붕어,2010,5
잉어과,참붕어,2017,1
잉어과,참붕어,2014,1
잉어과,참붕어,2020,1
잉어과,참붕어,2018,1
잉어과,참붕어,2020,1
잉어과,참붕어,2014,1
잉어과,참붕어,2014,2
잉어과,참붕어,2015,1
잉어과,참붕어,2017,3
잉어과,참붕어,2017,1
잉어과,참붕어,2017,1
잉어과,참붕어,2017,1
잉어과,참붕어,2017,2
잉어과,참붕어,2017,1
잉어과,참붕어,2014,2
잉어과,참붕어,2017,1
잉어과,참붕어,2019,20
잉어과,참붕어,2020,5
잉어과,참붕어,2014,1
잉어과,참붕어,2020,5
잉어과,참붕어,2014,1
잉어과,참붕어,2017,1
잉어과,참붕어,2016,13
잉어과,참붕어,2017,2
잉어과,참붕어,2015,5
잉어과,참붕어,2020,8
잉어과,참붕어,2016,1
잉어과,참붕어,2013,17
잉어과,참붕어,2020,3
잉어과,참붕어,2015,1
잉어과,참붕어,2015,1
잉어과,참붕어,2017,2
잉어과,참붕어,2015,1
잉어과,참붕어,2014,1
잉어과,참붕어,2013,7
잉어과,참붕어,2014,1
잉어과,참붕어,2016,1
잉어과,참붕어,2019,15
잉어과,참붕어,2016,3
잉어과,참붕어,2016,2
잉어과,참붕어,2009,13
잉어과,참붕어,2015,3
잉어과,참붕어,2015,1
잉어과,참붕어,2014,1
잉어과,참붕어,2014,1
잉어과,참붕어,2016,7
잉어과,참붕어,2016,1
잉어과,참붕어,2010,2
잉어과,참붕어,2015,1
잉어과,참붕어,2016,1
잉어과,참붕어,2016,1
잉어과,참붕어,2019,3
잉어과,참붕어,2010,6
잉어과,참붕어,2019,1
잉어과,참붕어,2016,1
잉어과,참붕어,2015,7
잉어과,참붕어,2010,1
잉어과,참붕어,2018,1
잉어과,참붕어,2014,5
잉어과,참붕어,2007,1
잉어과,참붕어,2015,2
잉어과,참붕어,2015,1
잉어과,참붕어,2019,2
잉어과,참붕어,2020,1
잉어과,참붕어,2017,7
잉어과,참붕어,2015,1
잉어과,참붕어,2006,1
잉어과,참붕어,2020,2
잉어과,참붕어,2011,1
잉어과,참붕어,2017,1
잉어과,참붕어,2020,15
잉어과,참붕어,2017,4
잉어과,참붕어,2018,1
잉어과,참붕어,2014,20
잉어과,참붕어,2014,34
잉어과,참붕어,2017,1
잉어과,참붕어,2020,1
잉어과,참붕어,2015,3
잉어과,참붕어,2016,6
잉어과,참붕어,2015,1
잉어과,참붕어,2005,1
잉어과,참붕어,2007,1
잉어과,참붕어,2013,11
잉어과,참붕어,2013,2
잉어과,참붕어,2015,8
잉어과,참붕어,2016,1
잉어과,참붕어,2010,2
잉어과,참붕어,2014,1
잉어과,참붕어,2017,3
잉어과,참붕어,2018,1
잉어과,참붕어,2013,8
잉어과,참붕어,2014,1
잉어과,참붕어,2014,1
잉어과,참붕어,2017,1
잉어과,참붕어,2014,1
잉어과,참붕어,2015,1
잉어과,참붕어,2016,4
잉어과,참붕어,2011,1
잉어과,참붕어,2015,1
잉어과,참붕어,2015,1
잉어과,참붕어,2016,9
잉어과,참붕어,2016,2
잉어과,참붕어,2018,1
잉어과,참붕어,2013,21
잉어과,참붕어,2013,3
잉어과,참붕어,2018,2
잉어과,참붕어,2014,1
잉어과,참붕어,2018,2
잉어과,참붕어,2019,1
잉어과,참붕어,2017,1
잉어과,참붕어,2015,1
잉어과,참붕어,2015,1
잉어과,참붕어,2009,4
잉어과,참붕어,2019,1
잉어과,참붕어,2020,1
잉어과,참붕어,2014,1
잉어과,참붕어,2010,5
잉어과,참붕어,2015,5
잉어과,참붕어,2014,12
잉어과,참붕어,2016,1
잉어과,참붕어,2014,1
잉어과,참붕어,2013,19
잉어과,참붕어,2016,1
잉어과,참붕어,2013,1
잉어과,참붕어,2015,9
잉어과,참붕어,2009,5
잉어과,참붕어,2016,1
잉어과,참붕어,2008,1
잉어과,참붕어,2015,7
잉어과,참붕어,2018,6
잉어과,참붕어,2014,4
잉어과,참붕어,2015,1
잉어과,참붕어,2020,2
잉어과,참붕어,2018,5
잉어과,참붕어,2014,6
잉어과,참붕어,2014,3
잉어과,참붕어,2016,1
잉어과,참붕어,2015,4
잉어과,참붕어,2019,1
잉어과,참붕어,2019,5
잉어과,돌고기,2018,1
잉어과,돌고기,2020,9
잉어과,돌고기,2017,1
잉어과,돌고기,2014,1
잉어과,돌고기,2015,1
잉어과,돌고기,2017,1
잉어과,돌고기,2019,1
잉어과,돌고기,2017,2
잉어과,돌고기,2014,1
잉어과,돌고기,2017,2
잉어과,돌고기,2016,1
잉어과,돌고기,2019,1
잉어과,돌고기,2017,1
잉어과,돌고기,2020,2
잉어과,돌고기,2014,1
잉어과,돌고기,2019,1
잉어과,돌고기,2018,2
잉어과,돌고기,2016,1
잉어과,돌고기,2017,1
잉어과,돌고기,2018,1
잉어과,돌고기,2016,1
잉어과,돌고기,2014,1
잉어과,돌고기,2014,1
잉어과,돌고기,2013,1
잉어과,돌고기,2018,2
잉어과,돌고기,2020,2
잉어과,돌고기,2018,1
잉어과,돌고기,2017,1
잉어과,돌고기,2016,1
잉어과,돌고기,2016,1
잉어과,돌고기,2013,4
잉어과,돌고기,2018,2
잉어과,돌고기,2013,8
잉어과,돌고기,2020,1
잉어과,돌고기,2016,1
잉어과,돌고기,2017,2
망둑어과,밀어,2013,8
망둑어과,밀어,2013,1
망둑어과,밀어,2016,1
망둑어과,밀어,2014,1
망둑어과,밀어,2017,8
망둑어과,밀어,2010,1
망둑어과,밀어,2016,2
망둑어과,밀어,2018,2
망둑어과,밀어,2017,4
망둑어과,밀어,2016,1
망둑어과,밀어,2017,1
망둑어과,밀어,2016,1
망둑어과,밀어,2015,2
망둑어과,밀어,2014,6
망둑어과,밀어,2017,1
망둑어과,밀어,2016,1
망둑어과,밀어,2016,1
망둑어과,밀어,2015,3
망둑어과,밀어,2015,1
망둑어과,밀어,2014,1
망둑어과,밀어,2015,2
망둑어과,밀어,2016,2
망둑어과,밀어,2017,1
망둑어과,밀어,2017,1
망둑어과,밀어,2013,1
망둑어과,밀어,2015,1
망둑어과,밀어,2014,3
망둑어과,밀어,2016,4
망둑어과,밀어,2014,1
망둑어과,밀어,2014,1
망둑어과,밀어,2014,3
망둑어과,밀어,2020,1
망둑어과,밀어,2018,4
망둑어과,밀어,2013,1
망둑어과,밀어,2014,1
망둑어과,밀어,2017,3
망둑어과,밀어,2015,1
망둑어과,밀어,2014,1
망둑어과,밀어,2017,1
망둑어과,밀어,2017,2
망둑어과,밀어,2018,3
망둑어과,밀어,2016,3
망둑어과,밀어,2015,4
망둑어과,밀어,2016,1
망둑어과,밀어,2014,1
망둑어과,밀어,2014,1
망둑어과,밀어,2017,1
망둑어과,밀어,2020,1
망둑어과,밀어,2016,1
망둑어과,밀어,2016,1
망둑어과,밀어,2016,1
망둑어과,밀어,2014,1
망둑어과,밀어,2017,1
망둑어과,밀어,2015,1
망둑어과,밀어,2014,1
망둑어과,밀어,2014,1
망둑어과,밀어,2014,1
망둑어과,밀어,2019,1
망둑어과,밀어,2016,3
망둑어과,밀어,2014,2
망둑어과,밀어,2011,1
망둑어과,밀어,2020,4
망둑어과,밀어,2014,1
망둑어과,밀어,2018,6
망둑어과,밀어,2016,1
망둑어과,밀어,2015,1
망둑어과,밀어,2017,3
망둑어과,밀어,2016,2
망둑어과,밀어,2017,2
망둑어과,밀어,2015,1
망둑어과,밀어,2016,2
망둑어과,밀어,2016,2
망둑어과,밀어,2020,5
망둑어과,밀어,2016,1
망둑어과,밀어,2017,1
망둑어과,밀어,2014,1
망둑어과,밀어,2020,1
망둑어과,밀어,2014,1
망둑어과,밀어,2019,3
망둑어과,밀어,2015,1
망둑어과,밀어,2018,1
망둑어과,밀어,2007,1
망둑어과,밀어,2019,1
망둑어과,밀어,2015,28
망둑어과,밀어,2017,1
망둑어과,밀어,2016,1
망둑어과,밀어,2015,1
망둑어과,밀어,2018,1
망둑어과,밀어,2014,1
망둑어과,밀어,2018,1
망둑어과,밀어,2018,1
망둑어과,밀어,2016,1
망둑어과,밀어,2017,1
망둑어과,밀어,2014,1
망둑어과,밀어,2017,10
망둑어과,밀어,2016,1
망둑어과,밀어,2018,1
망둑어과,밀어,2019,4
망둑어과,밀어,2014,1
망둑어과,밀어,2014,5
망둑어과,밀어,2014,1
망둑어과,밀어,2014,3
망둑어과,밀어,2016,2
망둑어과,밀어,2018,1
망둑어과,밀어,2017,1
망둑어과,밀어,2014,1
망둑어과,밀어,2015,1
망둑어과,밀어,2015,14
망둑어과,밀어,2016,1
망둑어과,밀어,2018,1
망둑어과,밀어,2015,2
망둑어과,밀어,2018,1
망둑어과,밀어,2018,4
망둑어과,밀어,2014,1
망둑어과,밀어,2018,3
망둑어과,밀어,2015,1
망둑어과,밀어,2018,1
망둑어과,밀어,2017,1
망둑어과,밀어,2015,2
망둑어과,밀어,2020,1
망둑어과,밀어,2017,1
망둑어과,밀어,2017,1
망둑어과,밀어,2019,3
망둑어과,밀어,2020,2
망둑어과,밀어,2015,3
망둑어과,밀어,2014,1
망둑어과,밀어,2015,7
망둑어과,밀어,2017,3
망둑어과,밀어,2018,4
망둑어과,밀어,2018,1
망둑어과,밀어,2013,1
망둑어과,밀어,2017,4
망둑어과,밀어,2017,1
망둑어과,밀어,2015,1
망둑어과,밀어,2005,1
망둑어과,밀어,2018,5
망둑어과,밀어,2014,3
망둑어과,밀어,2020,2
망둑어과,밀어,2014,1
망둑어과,밀어,2013,4
망둑어과,밀어,2019,1
망둑어과,밀어,2011,1
망둑어과,밀어,2015,1
망둑어과,밀어,2017,2
망둑어과,밀어,2018,2
망둑어과,밀어,2018,1
망둑어과,밀어,2019,3
망둑어과,밀어,2017,3
망둑어과,밀어,2013,2
망둑어과,밀어,2015,1
망둑어과,밀어,2018,1
망둑어과,밀어,2010,3
망둑어과,밀어,2016,1
망둑어과,밀어,2015,5
망둑어과,밀어,2014,1
망둑어과,밀어,2016,1
망둑어과,밀어,2018,2
망둑어과,밀어,2017,2
망둑어과,밀어,2020,1
망둑어과,밀어,2015,1
망둑어과,밀어,2020,1
망둑어과,밀어,2015,1
망둑어과,밀어,2015,19
망둑어과,밀어,2015,1
망둑어과,밀어,2019,3
망둑어과,밀어,2017,1
망둑어과,밀어,2018,1
망둑어과,밀어,2016,2
망둑어과,밀어,2019,1
망둑어과,밀어,2015,1
망둑어과,밀어,2019,1
망둑어과,밀어,2014,1
망둑어과,밀어,2014,1
망둑어과,밀어,2015,3
망둑어과,밀어,2014,2
망둑어과,밀어,2015,2
망둑어과,밀어,2010,1
망둑어과,밀어,2016,3
망둑어과,밀어,2019,1
망둑어과,밀어,2015,5
망둑어과,밀어,2015,1
망둑어과,밀어,2020,1
망둑어과,밀어,2013,1
망둑어과,밀어,2015,1
망둑어과,밀어,2019,2
망둑어과,밀어,2013,1
망둑어과,밀어,2019,3
망둑어과,밀어,2015,1
망둑어과,밀어,2015,1
망둑어과,밀어,2014,1
망둑어과,밀어,2017,4
망둑어과,밀어,2020,1
망둑어과,밀어,2016,1
망둑어과,밀어,2016,2
망둑어과,밀어,2010,1
망둑어과,밀어,2015,1
망둑어과,밀어,2017,1
망둑어과,밀어,2014,1
망둑어과,밀어,2016,1
망둑어과,밀어,2018,1
망둑어과,밀어,2005,1
망둑어과,밀어,2014,3
망둑어과,밀어,2010,1
망둑어과,밀어,2015,2
망둑어과,밀어,2015,2
망둑어과,밀어,2016,1
망둑어과,밀어,2016,1
망둑어과,밀어,2010,1
망둑어과,밀어,2019,1
망둑어과,밀어,2014,1
망둑어과,밀어,2017,1
망둑어과,밀어,2014,2
망둑어과,밀어,2019,1
망둑어과,밀어,2014,1
망둑어과,밀어,2017,1
망둑어과,밀어,2015,3
망둑어과,밀어,2016,1
망둑어과,밀어,2015,1
망둑어과,밀어,2020,2
망둑어과,밀어,2018,4
망둑어과,밀어,2020,2
망둑어과,밀어,2016,3
망둑어과,밀어,2020,1
망둑어과,밀어,2014,2
망둑어과,밀어,2016,2
망둑어과,밀어,2014,1
망둑어과,밀어,2019,1
망둑어과,밀어,2014,1
망둑어과,밀어,2019,1
망둑어과,밀어,2016,8
망둑어과,밀어,2014,1
망둑어과,밀어,2014,1
망둑어과,밀어,2016,2
망둑어과,밀어,2019,1
망둑어과,밀어,2018,6
망둑어과,밀어,2019,1
망둑어과,밀어,2020,1
망둑어과,밀어,2017,1
망둑어과,밀어,2010,3
망둑어과,밀어,2018,4
망둑어과,밀어,2017,1
망둑어과,밀어,2014,1
망둑어과,밀어,2012,1
망둑어과,밀어,2016,1
망둑어과,밀어,2016,1
망둑어과,밀어,2017,2
망둑어과,밀어,2016,5
망둑어과,밀어,2020,1
망둑어과,밀어,2017,1
망둑어과,밀어,2014,1
망둑어과,밀어,2020,1
망둑어과,밀어,2019,1
망둑어과,밀어,2017,3
망둑어과,밀어,2013,1
망둑어과,밀어,2013,1
망둑어과,밀어,2014,2
망둑어과,밀어,2012,1
망둑어과,밀어,2020,2
망둑어과,밀어,2014,1
망둑어과,밀어,2016,6
망둑어과,밀어,2020,15
망둑어과,밀어,2016,1
망둑어과,밀어,2016,1
망둑어과,밀어,2019,2
망둑어과,밀어,2015,1
망둑어과,밀어,2016,1
망둑어과,밀어,2014,2
망둑어과,밀어,2020,2
망둑어과,밀어,2017,1
망둑어과,밀어,2020,1
망둑어과,밀어,2015,1
망둑어과,밀어,2018,3
망둑어과,밀어,2017,3
망둑어과,밀어,2017,2
망둑어과,갈문망둑,2017,3
망둑어과,갈문망둑,2019,2
망둑어과,갈문망둑,2018,1
망둑어과,갈문망둑,2017,1
망둑어과,갈문망둑,2017,1
망둑어과,갈문망둑,2020,1
망둑어과,갈문망둑,2020,1
망둑어과,갈문망둑,2018,10
망둑어과,갈문망둑,2018,1
망둑어과,갈문망둑,2018,6
망둑어과,갈문망둑,2018,2
망둑어과,갈문망둑,2018,1
망둑어과,갈문망둑,2020,1
망둑어과,갈문망둑,2019,4
망둑어과,갈문망둑,2020,3
망둑어과,갈문망둑,2018,3
망둑어과,갈문망둑,2020,1
망둑어과,갈문망둑,2018,1
망둑어과,갈문망둑,2020,1
망둑어과,갈문망둑,2020,2
망둑어과,갈문망둑,2018,3
망둑어과,갈문망둑,2019,2
망둑어과,갈문망둑,2018,3
망둑어과,갈문망둑,2020,1
망둑어과,갈문망둑,2019,5
망둑어과,갈문망둑,2020,1
망둑어과,갈문망둑,2017,1
망둑어과,갈문망둑,2019,2
망둑어과,갈문망둑,2019,3
망둑어과,갈문망둑,2019,1
망둑어과,갈문망둑,2020,1
잉어과,떡납줄갱이,2018,1
잉어과,떡납줄갱이,2020,1
잉어과,흰줄납줄개,2019,2
잉어과,흰줄납줄개,2019,1
잉어과,흰줄납줄개,2015,1
잉어과,흰줄납줄개,2014,1
잉어과,흰줄납줄개,2020,8
잉어과,흰줄납줄개,2020,4
잉어과,각시붕어,2016,1
잉어과,각시붕어,2015,1
잉어과,각시붕어,2015,1
잉어과,각시붕어,2015,1
잉어과,각시붕어,2018,1
잉어과,각시붕어,2013,1
잉어과,각시붕어,2014,1
잉어과,각시붕어,2019,4
잉어과,각시붕어,2017,1
잉어과,각시붕어,2013,1
잉어과,각시붕어,2017,4
잉어과,각시붕어,2017,1
잉어과,각시붕어,2018,1
잉어과,각시붕어,2020,1
잉어과,각시붕어,2014,1
잉어과,각시붕어,2018,6
잉어과,각시붕어,2015,1
잉어과,각시붕어,2014,1
잉어과,각시붕어,2018,1
잉어과,각시붕어,2015,1
잉어과,각시붕어,2017,1
잉어과,각시붕어,2016,1
잉어과,각시붕어,2015,1
잉어과,각시붕어,2017,5
잉어과,각시붕어,2015,1
잉어과,각시붕어,2018,1
잉어과,각시붕어,2020,3
잉어과,각시붕어,2016,1
잉어과,각시붕어,2019,1
잉어과,각시붕어,2020,1
잉어과,각시붕어,2017,1
잉어과,각시붕어,2017,1
잉어과,각시붕어,2014,1
잉어과,각시붕어,2018,1
잉어과,각시붕어,2018,1
잉어과,각시붕어,2017,2
잉어과,각시붕어,2018,1
잉어과,각시붕어,2019,2
잉어과,각시붕어,2017,2
잉어과,각시붕어,2018,2
잉어과,각시붕어,2014,1
잉어과,각시붕어,2016,1
잉어과,각시붕어,2016,1
잉어과,각시붕어,2014,1
잉어과,각시붕어,2020,3
잉어과,각시붕어,2019,1
잉어과,각시붕어,2017,1
잉어과,각시붕어,2020,1
잉어과,각시붕어,2020,5
잉어과,각시붕어,2017,25
잉어과,각시붕어,2017,8
잉어과,각시붕어,2015,1
잉어과,버들치,2019,1
잉어과,버들치,2020,7
잉어과,버들치,2016,2
잉어과,버들치,2014,4
잉어과,버들치,2017,3
잉어과,버들치,2019,1
잉어과,버들치,2015,1
잉어과,버들치,2016,1
잉어과,버들치,2016,1
잉어과,버들치,2005,1
잉어과,버들치,2019,2
잉어과,버들치,2016,1
잉어과,버들치,2018,5
잉어과,버들치,2019,1
잉어과,버들치,2017,1
잉어과,버들치,2020,2
잉어과,버들치,2017,4
잉어과,버들치,2017,5
잉어과,버들치,2016,1
잉어과,버들치,2014,11
잉어과,버들치,2016,1
잉어과,버들치,2017,1
잉어과,버들치,2014,1
잉어과,버들치,2014,1
잉어과,버들치,2014,1
잉어과,버들치,2015,1
잉어과,버들치,2017,1
잉어과,버들치,2014,1
잉어과,버들치,2018,3
잉어과,버들치,2014,1
잉어과,버들치,2014,1
잉어과,버들치,2017,1
잉어과,버들치,2020,2
잉어과,버들치,2017,2
잉어과,버들치,2017,2
잉어과,버들치,2014,1
잉어과,버들치,2017,1
잉어과,버들치,2014,22
잉어과,버들치,2016,1
잉어과,버들치,2018,1
잉어과,버들치,2016,1
잉어과,버들치,2018,2
잉어과,버들치,2017,1
잉어과,버들치,2017,4
잉어과,버들치,2017,1
잉어과,버들치,2016,1
잉어과,버들치,2014,1
잉어과,버들치,2020,1
잉어과,버들치,2014,1
잉어과,버들치,2020,1
잉어과,버들치,2014,1
잉어과,버들치,2018,1
잉어과,버들치,2013,1
잉어과,버들치,2014,1
잉어과,버들치,2015,2
잉어과,버들치,2018,2
잉어과,버들치,2016,1
잉어과,버들치,2016,1
잉어과,버들치,2015,1
잉어과,버들치,2016,4
잉어과,버들치,2015,1
잉어과,버들치,2018,1
잉어과,버들치,2015,1
잉어과,버들치,2013,8
잉어과,버들치,2018,1
잉어과,버들치,2016,1
잉어과,버들치,2016,1
잉어과,버들치,2018,1
잉어과,버들치,2015,1
잉어과,버들치,2014,2
잉어과,버들치,2014,8
잉어과,버들치,2020,3
잉어과,버들치,2015,2
잉어과,버들치,2017,1
잉어과,버들치,2015,1
잉어과,버들치,2018,17
잉어과,버들치,2018,8
잉어과,버들치,2015,1
잉어과,버들치,2015,1
잉어과,버들치,2020,1
잉어과,버들치,2015,1
잉어과,버들치,2014,1
잉어과,버들치,2020,3
잉어과,버들치,2017,2
잉어과,버들치,2016,1
잉어과,버들치,2015,6
잉어과,버들치,2020,2
잉어과,버들치,2019,1
잉어과,버들치,2014,1
잉어과,버들치,2015,1
잉어과,버들치,2016,1
잉어과,버들치,2016,12
잉어과,버들치,2020,2
잉어과,버들치,2020,6
잉어과,버들치,2015,1
잉어과,버들치,2020,1
잉어과,버들치,2017,10
잉어과,버들치,2015,36
잉어과,버들치,2016,1
잉어과,버들치,2020,1
잉어과,버들치,2015,1
잉어과,버들치,2018,1
잉어과,버들치,2014,1
잉어과,버들치,2016,1
잉어과,버들치,2020,1
잉어과,버들치,2016,1
잉어과,버들치,2007,1
잉어과,버들치,2016,1
잉어과,버들치,2015,1
잉어과,버들치,2014,1
잉어과,버들치,2017,3
잉어과,버들치,2015,1
잉어과,버들치,2015,1
잉어과,버들치,2017,1
잉어과,버들치,2014,1
잉어과,버들치,2016,1
잉어과,버들치,2019,1
잉어과,버들치,2014,1
잉어과,버들치,2018,4
잉어과,버들치,2015,2
잉어과,버들치,2016,5
잉어과,버들치,2018,8
잉어과,버들치,2017,5
잉어과,버들치,2016,1
잉어과,버들치,2017,2
잉어과,버들치,2016,1
잉어과,버들치,2020,1
잉어과,버들치,2015,1
잉어과,버들치,2016,1
잉어과,버들치,2016,5
잉어과,버들치,2013,2
잉어과,버들치,2019,2
잉어과,버들치,2016,1
잉어과,버들치,2020,1
잉어과,버들치,2019,1
잉어과,버들치,2019,5
잉어과,버들치,2016,1
잉어과,버들치,2018,2
잉어과,버들치,2013,6
잉어과,버들치,2018,1
잉어과,버들치,2017,1
잉어과,버들치,2015,4
잉어과,버들치,2016,1
잉어과,버들치,2019,3
메기과,메기,2016,1
메기과,메기,2008,1
메기과,메기,2016,1
메기과,메기,2014,6
메기과,메기,2015,1
메기과,메기,2010,1
메기과,메기,2011,1
메기과,메기,2015,5
메기과,메기,2007,1
메기과,메기,2017,1
메기과,메기,2020,1
메기과,메기,2010,1
메기과,메기,2005,1
메기과,메기,2020,1
메기과,메기,2014,1
메기과,메기,2014,1
메기과,메기,2015,4
메기과,메기,2005,1
메기과,메기,2020,1
메기과,메기,2010,1
메기과,메기,2010,11
메기과,메기,2015,1
메기과,메기,2016,1
메기과,메기,2011,1
메기과,메기,2015,1
메기과,메기,2018,1
메기과,메기,2010,1
메기과,메기,2015,1
잉어과,몰개,2016,1
잉어과,몰개,2006,1
잉어과,참갈겨니,2015,1
잉어과,참갈겨니,2015,1
잉어과,참갈겨니,2015,1
잉어과,참갈겨니,2016,1
잉어과,참갈겨니,2015,1
잉어과,피라미,2018,1
잉어과,피라미,2016,1
잉어과,피라미,2020,2
잉어과,피라미,2018,1
잉어과,피라미,2014,1
잉어과,피라미,2014,1
잉어과,피라미,2015,3
잉어과,피라미,2018,1
잉어과,피라미,2016,1
잉어과,피라미,2015,3
잉어과,피라미,2018,5
잉어과,피라미,2016,1
잉어과,피라미,2020,15
잉어과,피라미,2017,1
잉어과,피라미,2014,1
잉어과,피라미,2015,1
잉어과,피라미,2020,40
잉어과,피라미,2013,8
잉어과,피라미,2014,1
잉어과,피라미,2019,100
잉어과,피라미,2019,15
잉어과,피라미,2016,1
잉어과,피라미,2017,1
잉어과,피라미,2014,1
잉어과,피라미,2016,1
잉어과,피라미,2014,1
잉어과,피라미,2013,15
잉어과,피라미,2016,1
잉어과,피라미,2018,3
잉어과,피라미,2019,1
잉어과,피라미,2020,1
잉어과,피라미,2018,1
잉어과,피라미,2009,1
잉어과,피라미,2014,1
잉어과,피라미,2014,1
잉어과,피라미,2015,1
잉어과,피라미,2014,1
잉어과,피라미,2006,1
잉어과,피라미,2015,1
잉어과,피라미,2014,1
잉어과,피라미,2013,9
잉어과,피라미,2019,1
잉어과,피라미,2013,13
잉어과,피라미,2016,1
잉어과,피라미,2005,1
잉어과,피라미,2011,1
잉어과,피라미,2019,1
잉어과,피라미,2015,1
잉어과,피라미,2019,2
잉어과,피라미,2013,16
잉어과,피라미,2014,1
잉어과,피라미,2017,3
잉어과,피라미,2017,1
잉어과,피라미,2015,1
잉어과,피라미,2014,2
잉어과,피라미,2016,1
잉어과,피라미,2012,2
잉어과,피라미,2014,1
잉어과,피라미,2018,17
잉어과,피라미,2014,1
잉어과,피라미,2013,2
잉어과,피라미,2015,2
잉어과,피라미,2020,3
잉어과,피라미,2014,5
잉어과,피라미,2017,1
잉어과,피라미,2016,9
잉어과,피라미,2017,2
잉어과,피라미,2018,3
잉어과,피라미,2019,1
잉어과,피라미,2016,1
잉어과,피라미,2015,1
잉어과,피라미,2014,1
잉어과,피라미,2020,20
잉어과,피라미,2019,1
잉어과,피라미,2014,1
잉어과,피라미,2014,1
잉어과,피라미,2017,6
잉어과,피라미,2020,1
잉어과,피라미,2014,6
잉어과,피라미,2018,6
잉어과,피라미,2015,1
잉어과,피라미,2019,2
잉어과,피라미,2019,11
잉어과,피라미,2016,1
잉어과,피라미,2016,1
잉어과,피라미,2015,1
잉어과,피라미,2020,1
잉어과,피라미,2020,2
잉어과,피라미,2020,2
잉어과,피라미,2014,1
잉어과,피라미,2017,2
잉어과,피라미,2006,1
잉어과,피라미,2018,1
잉어과,피라미,2015,4
잉어과,피라미,2013,42
잉어과,피라미,2016,1
잉어과,피라미,2010,5
잉어과,피라미,2015,1
잉어과,피라미,2015,1
잉어과,피라미,2014,3
잉어과,피라미,2014,1
잉어과,피라미,2020,6
잉어과,피라미,2007,1
잉어과,피라미,2015,1
잉어과,피라미,2015,1
잉어과,피라미,2011,1
잉어과,피라미,2016,2
잉어과,피라미,2015,1
잉어과,피라미,2020,4
잉어과,피라미,2018,1
잉어과,피라미,2017,2
잉어과,피라미,2016,1
잉어과,피라미,2015,1
잉어과,피라미,2019,8
잉어과,피라미,2020,60
잉어과,피라미,2017,1
잉어과,피라미,2017,1
잉어과,피라미,2017,1
잉어과,피라미,2020,1
잉어과,피라미,2019,18
잉어과,피라미,2020,12
잉어과,피라미,2013,8
잉어과,피라미,2013,14
잉어과,피라미,2014,1
잉어과,피라미,2016,10
잉어과,피라미,2016,2
잉어과,피라미,2020,1
잉어과,피라미,2017,1
잉어과,피라미,2020,4
잉어과,피라미,2020,2
잉어과,피라미,2018,1
잉어과,피라미,2015,3
잉어과,피라미,2016,1
잉어과,피라미,2017,1
잉어과,피라미,2016,1
잉어과,피라미,2014,1
잉어과,피라미,2020,30
잉어과,피라미,2018,1
잉어과,피라미,2019,20
잉어과,피라미,2019,9
잉어과,피라미,2017,1
잉어과,피라미,2017,1
잉어과,피라미,2010,1
잉어과,피라미,2010,25
잉어과,피라미,2020,1
잉어과,피라미,2020,12
잉어과,피라미,2014,5
잉어과,피라미,2020,1
잉어과,피라미,2018,16
잉어과,피라미,2020,5
잉어과,피라미,2014,1
잉어과,피라미,2020,1
잉어과,피라미,2019,15
잉어과,피라미,2010,12
잉어과,피라미,2019,17
잉어과,피라미,2019,3
잉어과,피라미,2014,1
잉어과,피라미,2018,6
잉어과,피라미,2015,1
잉어과,피라미,2020,5
잉어과,피라미,2020,8
잉어과,피라미,2017,1
잉어과,피라미,2018,2
잉어과,피라미,2017,1
잉어과,피라미,2017,1
잉어과,피라미,2016,1
잉어과,피라미,2015,1
잉어과,피라미,2014,1
잉어과,피라미,2020,1
잉어과,피라미,2016,3
잉어과,피라미,2016,1
잉어과,피라미,2018,4
잉어과,피라미,2020,20
잉어과,피라미,2018,1
잉어과,피라미,2019,1
잉어과,피라미,2017,1
잉어과,피라미,2006,1
잉어과,피라미,2014,1
잉어과,피라미,2014,1
잉어과,피라미,2014,1
잉어과,피라미,2017,9
잉어과,피라미,2010,1
잉어과,피라미,2017,3
잉어과,피라미,2017,1
잉어과,피라미,2019,15
잉어과,피라미,2015,1
잉어과,피라미,2018,50
잉어과,피라미,2017,1
잉어과,피라미,2014,1
잉어과,피라미,2016,1
잉어과,피라미,2019,1
잉어과,피라미,2015,1
잉어과,피라미,2006,2
잉어과,피라미,2017,1
잉어과,피라미,2019,20
잉어과,피라미,2017,1
잉어과,피라미,2015,3
잉어과,피라미,2015,1
잉어과,피라미,2018,1
잉어과,피라미,2017,1
잉어과,피라미,2020,15
잉어과,피라미,2008,1
잉어과,피라미,2013,24
잉어과,피라미,2017,1
잉어과,피라미,2019,50
잉어과,피라미,2020,13
잉어과,피라미,2014,2
잉어과,피라미,2013,1
잉어과,피라미,2019,10
잉어과,피라미,2011,1
잉어과,피라미,2019,15
잉어과,피라미,2014,1
잉어과,피라미,2014,1
잉어과,피라미,2015,5
잉어과,피라미,2016,2
잉어과,피라미,2016,6
잉어과,피라미,2015,3
잉어과,피라미,2017,1
잉어과,피라미,2014,4
잉어과,피라미,2015,3
잉어과,피라미,2019,15
잉어과,피라미,2019,2
잉어과,피라미,2015,1
잉어과,피라미,2020,10
잉어과,피라미,2019,1
잉어과,피라미,2019,7
잉어과,피라미,2019,15
잉어과,피라미,2015,1
잉어과,피라미,2014,5
잉어과,피라미,2013,4
잉어과,피라미,2020,13
잉어과,피라미,2015,1
잉어과,피라미,2017,1
잉어과,피라미,2014,1
잉어과,피라미,2020,1
잉어과,피라미,2007,1
잉어과,피라미,2013,60
잉어과,피라미,2016,10
잉어과,피라미,2020,1
잉어과,피라미,2020,20
잉어과,피라미,2013,24
잉어과,피라미,2007,1
잉어과,피라미,2017,2
잉어과,피라미,2017,1
잉어과,피라미,2015,1
잉어과,피라미,2016,1
잉어과,피라미,2017,1
잉어과,피라미,2017,4
잉어과,피라미,2019,6
잉어과,피라미,2020,2
잉어과,피라미,2020,2
잉어과,피라미,2015,1
잉어과,피라미,2014,1
잉어과,피라미,2011,1
잉어과,피라미,2020,30
잉어과,피라미,2015,3
잉어과,피라미,2015,1
잉어과,피라미,2020,2
잉어과,피라미,2016,2
잉어과,피라미,2016,1
잉어과,피라미,2016,1
잉어과,피라미,2016,1
잉어과,피라미,2014,1
잉어과,피라미,2020,7
잉어과,피라미,2009,2
잉어과,피라미,2017,2
잉어과,피라미,2014,1
잉어과,피라미,2016,1
잉어과,피라미,2015,1
잉어과,피라미,2018,1
잉어과,피라미,2016,1
잉어과,피라미,2016,1
잉어과,피라미,2019,40
잉어과,피라미,2014,1
잉어과,피라미,2018,1
잉어과,피라미,2016,6
잉어과,피라미,2014,1
잉어과,피라미,2017,10
잉어과,피라미,2017,15
잉어과,피라미,2014,5
잉어과,피라미,2020,10
잉어과,피라미,2020,3
잉어과,피라미,2013,7
잉어과,피라미,2017,4
잉어과,피라미,2018,20
잉어과,피라미,2013,45
잉어과,피라미,2018,5
잉어과,피라미,2015,1
잉어과,피라미,2016,1
잉어과,피라미,2020,2
잉어과,피라미,2016,10
잉어과,피라미,2017,1
잉어과,피라미,2015,3
잉어과,피라미,2016,1
잉어과,피라미,2016,1
잉어과,피라미,2014,1
잉어과,피라미,2016,1
잉어과,갈겨니,2005,1
난태생송사리과,구피,2020,1
난태생송사리과,구피,2014,1
난태생송사리과,구피,2014,1
난태생송사리과,구피,2014,1
난태생송사리과,구피,2017,1
난태생송사리과,구피,2020,4
난태생송사리과,구피,2014,1
난태생송사리과,구피,2014,1
난태생송사리과,구피,2014,15
잉어과,버들매치,2006,1
잉어과,붕어,2018,4
잉어과,붕어,2017,1
잉어과,잉어,2019,1
잉어과,잉어,2018,1
검정우럭과,배스,2019,7
망둑어과,밀어,2016,2
잉어과,각시붕어,2018,1
메기과,메기,2020,1
난태생송사리과,구피,2014,1
난태생송사리과,구피,2019,1
난태생송사리과,구피,2016,1
잉어과,붕어,2017,2
잉어과,피라미,2017,1
잉어과,피라미,2018,1
망둑어과,밀어,2013,4
망둑어과,밀어,2014,1
망둑어과,밀어,2017,2
잉어과,붕어,2014,1
잉어과,붕어,2017,7
잉어과,돌고기,2014,1
잉어과,피라미,2014,1
잉어과,피라미,2018,11
망둑어과,밀어,2014,1
잉어과,붕어,2016,1
잉어과,붕어,2017,1
잉어과,붕어,2017,3
잉어과,비단잉어,2016,1
미꾸리과,미꾸리,2019,1
잉어과,붕어,2014,1
잉어과,붕어,2019,1
잉어과,피라미,2015,1
잉어과,피라미,2016,1
잉어과,붕어,2017,1
미꾸리과,미꾸리,2014,1
잉어과,피라미,2016,2
잉어과,모래무지,2018,4
미꾸리과,미꾸리,2019,1
잉어과,붕어,2017,2
잉어과,붕어,2020,1
잉어과,붕어,2020,3
잉어과,붕어,2016,2
잉어과,붕어,2016,2
잉어과,피라미,2014,2
잉어과,피라미,2014,1
미꾸리과,미꾸리,2016,1
잉어과,피라미,2015,5
잉어과,피라미,2016,2
잉어과,붕어,2007,1
잉어과,붕어,2014,1
잉어과,모래무지,2018,1
미꾸리과,미꾸리,2020,1
가물치과,가물치,2018,1
잉어과,피라미,2015,1
잉어과,피라미,2014,1
잉어과,피라미,2015,4
미꾸리과,미꾸리,2007,1
미꾸리과,미꾸라지,2020,1
미꾸리과,미꾸리,2014,1
잉어과,피라미,2019,1
잉어과,피라미,2019,1
송사리과,송사리,2005,1
미꾸리과,미꾸리,2017,1
미꾸리과,미꾸리,2019,1
미꾸리과,미꾸리,2017,1
미꾸리과,미꾸리,2008,1
미꾸리과,미꾸리,2010,1
미꾸리과,미꾸리,2019,1
검정우럭과,블루길,2019,2
검정우럭과,블루길,2005,1
동사리과,얼록동사리,2020,1
동사리과,얼록동사리,2019,1
잉어과,참붕어,2015,1
메기과,메기,2007,1
동자개과,동자개,2014,1
미꾸리과,미꾸리,2019,1
미꾸리과,미꾸리,2017,1
미꾸리과,미꾸리,2020,2
미꾸리과,미꾸리,2018,1
미꾸리과,미꾸리,2011,1
동사리과,얼록동사리,2016,1
송사리과,대륙송사리,2018,6
송사리과,대륙송사리,2015,1
동자개과,동자개,2016,2
메기과,메기,2020,1
메기과,메기,2017,1
잉어과,붕어,2019,1
잉어과,피라미,2015,5
잉어과,피라미,2016,3
잉어과,피라미,2016,1
미꾸리과,미꾸리,2019,1
잉어과,피라미,2015,1
잉어과,피라미,2016,5
잉어과,모래무지,2018,1
잉어과,피라미,2015,1
잉어과,피라미,2020,1
미꾸리과,미꾸리,2006,1
미꾸리과,미꾸리,2014,1
동사리과,얼록동사리,2016,1
동사리과,얼록동사리,2017,1
가물치과,가물치,2020,1
미꾸리과,미꾸리,2015,1
미꾸리과,미꾸리,2019,1
미꾸리과,미꾸라지,2015,1
미꾸리과,미꾸리,2020,1
미꾸리과,미꾸리,2006,2
미꾸리과,미꾸리,2006,1
미꾸리과,미꾸리,2020,1
잉어과,피라미,2007,1
잉어과,모래무지,2018,5
미꾸리과,미꾸리,2011,1
미꾸리과,미꾸리,2016,1
미꾸리과,미꾸라지,2015,1
잉어과,몰개,2018,1
메기과,메기,2020,1
가물치과,가물치,2007,1
미꾸리과,미꾸리,2006,1
미꾸리과,미꾸리,2016,1
잉어과,모래무지,2019,4
잉어과,붕어,2014,2
잉어과,붕어,2014,5
잉어과,피라미,2017,1
잉어과,붕어,2017,2
잉어과,피라미,2006,1
잉어과,붕어,2020,3
잉어과,피라미,2014,1
잉어과,피라미,2014,1
잉어과,피라미,2007,1
잉어과,피라미,2007,1
잉어과,피라미,2014,3
미꾸리과,미꾸리,2014,1
잉어과,돌고기,2018,1
잉어과,붕어,2020,1
미꾸리과,미꾸리,2005,1
잉어과,붕어,2014,2
잉어과,돌고기,2015,1
잉어과,붕어,2018,1
미꾸리과,미꾸리,2005,1
잉어과,붕어,2016,3
잉어과,붕어,2007,1
미꾸리과,미꾸리,2014,1
동사리과,얼록동사리,2014,1
동사리과,얼록동사리,2016,1
잉어과,피라미,2016,1
잉어과,피라미,2018,1
잉어과,피라미,2015,2
미꾸리과,미꾸리,2019,1
잉어과,모래무지,2018,1
미꾸리과,미꾸리,2018,1
미꾸리과,미꾸리,2020,1
미꾸리과,미꾸리,2016,1
미꾸리과,미꾸리,2018,1
미꾸리과,미꾸라지,2005,1
미꾸리과,미꾸라지,2005,1
잉어과,모래무지,2019,2
동사리과,얼록동사리,2017,1
동사리과,얼록동사리,2020,1
가물치과,가물치,2016,1
동자개과,동자개,2016,1
메기과,메기,2017,1
잉어과,참붕어,2020,1
잉어과,피라미,2015,1
잉어과,피라미,2015,1
잉어과,피라미,2020,1
미꾸리과,미꾸라지,2015,1
미꾸리과,미꾸리,2016,1
잉어과,모래무지,2019,3
잉어과,피라미,2017,6
잉어과,피라미,2015,5
미꾸리과,미꾸리,2014,1
잉어과,피라미,2015,1
잉어과,피라미,2015,6
잉어과,피라미,2016,1
잉어과,피라미,2017,2
잉어과,붕어,2015,1
잉어과,붕어,2012,1
잉어과,피라미,2014,1
잉어과,피라미,2014,1
잉어과,피라미,2007,1
잉어과,피라미,2020,1
미꾸리과,미꾸리,2015,1
미꾸리과,미꾸리,2019,1
미꾸리과,미꾸리,2019,1
잉어과,모래무지,2020,3
동사리과,얼록동사리,2015,3
동사리과,얼록동사리,2017,1
동자개과,동자개,2016,2
동자개과,동자개,2016,1
동자개과,동자개,2017,1
메기과,메기,2015,1
가물치과,가물치,2010,1
미꾸리과,미꾸리,2017,1
잉어과,붕어,2015,6
잉어과,붕어,2014,1
잉어과,피라미,2015,5
잉어과,피라미,2017,1
미꾸리과,미꾸리,2018,1
잉어과,피라미,2016,1
잉어과,피라미,2020,2
잉어과,피라미,2014,1
잉어과,모래무지,2018,1
잉어과,피라미,2018,6
미꾸리과,미꾸리,2010,3
메기과,메기,2018,1
미꾸리과,미꾸라지,2019,1
잉어과,돌고기,2018,2
미꾸리과,미꾸리,2014,1
미꾸리과,미꾸리,2019,1
잉어과,돌고기,2006,1
잉어과,모래무지,2020,1
미꾸리과,미꾸리,2008,1
동사리과,얼록동사리,2016,1
동사리과,얼록동사리,2020,1
동사리과,얼록동사리,2014,1
동사리과,얼록동사리,2016,5
잉어과,참붕어,2016,1
가물치과,가물치,2010,1
잉어과,잉어,2009,1
잉어과,돌고기,2019,1
미꾸리과,미꾸라지,2007,1
잉어과,잉어,2017,1
미꾸리과,미꾸라지,2019,1
송사리과,송사리,2007,1
잉어과,붕어,2014,5
잉어과,피라미,2020,15
미꾸리과,미꾸리,2017,1
잉어과,피라미,2010,34
잉어과,피라미,2010,29
메기과,메기,2014,1
미꾸리과,미꾸리,2020,1
잉어과,붕어,2016,1
잉어과,떡붕어,2014,1
잉어과,붕어,2016,1
잉어과,붕어,2014,1
잉어과,잉어,2015,2
잉어과,잉어,2017,1
잉어과,잉어,2017,1
잉어과,붕어,2006,1
잉어과,잉어,2007,1
미꾸리과,미꾸리,2007,1
미꾸리과,미꾸리,2010,1
가물치과,가물치,2015,1
가물치과,가물치,2018,1
미꾸리과,미꾸리,2016,1
미꾸리과,미꾸리,2018,1
잉어과,모래무지,2018,5
잉어과,갈겨니,2012,1
잉어과,붕어,2011,4
잉어과,붕어,2015,1
잉어과,붕어,2015,1
잉어과,붕어,2016,9
잉어과,피라미,2016,1
잉어과,피라미,2020,4
잉어과,떡붕어,2017,1
잉어과,떡붕어,2011,4
잉어과,붕어,2014,1
잉어과,붕어,2017,1
잉어과,붕어,2014,1
동사리과,얼록동사리,2019,1
동사리과,얼록동사리,2006,1
동사리과,얼록동사리,2008,1
송사리과,대륙송사리,2014,1
잉어과,참붕어,2019,2
잉어과,참붕어,2019,1
가물치과,가물치,2006,1
메기과,메기,2019,1
잉어과,참붕어,2007,1
잉어과,참붕어,2014,1
잉어과,참붕어,2014,1
잉어과,돌고기,2014,1
잉어과,돌고기,2016,1
미꾸리과,미꾸라지,2015,1
잉어과,붕어,2016,2
미꾸리과,미꾸리,2005,1
잉어과,잉어,2018,1
잉어과,붕어,2018,8
잉어과,붕어,2014,1
잉어과,붕어,2020,1
잉어과,붕어,2014,1
잉어과,붕어,2015,3
잉어과,붕어,2016,2
잉어과,잉어,2015,3
송사리과,대륙송사리,2020,1
가물치과,가물치,2020,2
가물치과,가물치,2016,1
메기과,메기,2006,1
미꾸리과,미꾸리,2017,1
미꾸리과,미꾸라지,2018,1
미꾸리과,미꾸리,2020,1
미꾸리과,미꾸리,2019,1
미꾸리과,미꾸리,2018,1
미꾸리과,미꾸리,2020,1
송사리과,송사리,2005,1
송사리과,송사리,2006,1
잉어과,피라미,2015,10
잉어과,피라미,2020,4
잉어과,피라미,2014,8
미꾸리과,미꾸리,2005,2
미꾸리과,미꾸리,2016,2
동사리과,얼록동사리,2020,1
메기과,메기,2005,1
